id;answer;correct
1;at;false
2;more;true
3;which until worriedly;true
4;outside past;true
5;whereas aside;true
6;cram;true
7;um noteworthy scotch;false
8;gratefully boo;false
9;lumbering;false
10;soon rudely evenly;false
11;where;false
12;grave;true
13;list psst before;true
14;yowza warmly goat;true
15;nasalise ostrich;false
16;agreeable unto yet;false
17;yippee bad;true
18;before after slowly;true
19;yuck recklessly bogus;true
20;wee zowie;false
21;willfully unless superior;true
22;profane grouper;true
23;fond;true
24;polarisation;true
25;till;false
26;boo how phooey;false
27;well-groomed;false
28;grim grubby oh;false
29;so during;true
30;hearten woot;true
