id;competency;improvement;evidence_count;last_practiced_at
1;0.36;5843.78;26146;2026-09-20T13:20:29
2;0.95;29261.74;9256;2026-09-20T05:13:27
3;0.6;22501.72;29003;2026-09-20T19:21:56
4;0.46;13322.08;29802;2026-09-20T15:38:40
5;0.36;30587.51;10347;2026-09-20T09:58:56
6;0.83;5690.38;7558;2026-09-20T10:11:13
7;0.86;19259.71;9044;2026-09-20T05:31:35
8;0.41;15864.68;52;2026-09-19T23:57:35
9;0.65;4837.1;9207;2026-09-20T15:15:58
10;0.84;23361.98;20327;2026-09-19T23:58:36
11;0.55;28441.8;19729;2026-09-20T21:22:30
12;0.42;2541.79;29663;2026-09-20T13:07:05
13;0.84;20530.83;5565;2026-09-20T10:25:03
14;0.8;25327.54;8736;2026-09-20T03:13:59
15;0.15;11660.22;14896;2026-09-20T03:53:44
16;0.93;29683.04;2019;2026-09-20T11:33:22
17;0.56;5387.13;26902;2026-09-20T08:33:01
18;0.74;3104.68;21042;2026-09-20T08:11:51
19;0.16;9308.63;23361;2026-09-20T18:36:08
20;0.86;18318.32;23775;2026-09-20T16:52:20
21;0.95;25459.07;712;2026-09-20T14:49:30
22;0.17;6111.34;10328;2026-09-20T15:36:25
23;0.47;25578.32;29537;2026-09-20T07:04:06
24;0.58;14276.88;10020;2026-09-20T13:02:22
25;0.67;11980.36;30015;2026-09-20T00:45:24
26;0.66;16928.38;27399;2026-09-20T13:52:12
27;0.97;21945.11;19688;2026-09-20T03:41:10
28;0.81;22977.51;22292;2026-09-20T08:05:12
29;0.98;27073.62;947;2026-09-20T04:21:29
30;0.35;1130.32;25615;2026-09-20T10:41:33
