id;started_at;completed_at
1;2026-09-20T02:28:05;2026-09-20T14:21:31
2;2026-09-20T20:11:13;2026-09-19T23:30:43
3;2026-09-20T16:21:22;2026-09-20T02:00:00
4;2026-09-20T19:57:48;2026-09-20T08:28:46
5;2026-09-20T08:26:32;2026-09-19T23:43:02
6;2026-09-20T06:44:50;2026-09-20T10:48:30
7;2026-09-20T06:35:25;2026-09-20T11:30:11
8;2026-09-20T16:53:03;2026-09-20T11:18:10
9;2026-09-20T19:58:10;2026-09-19T23:21:38
10;2026-09-20T12:46:36;2026-09-20T09:22:13
11;2026-09-20T20:51:36;2026-09-20T13:35:17
12;2026-09-20T18:52:06;2026-09-20T14:33:37
13;2026-09-20T11:44:03;2026-09-20T20:06:06
14;2026-09-20T06:45:53;2026-09-20T08:28:28
15;2026-09-20T15:44:44;2026-09-20T05:59:39
16;2026-09-20T20:47:57;2026-09-20T14:34:59
17;2026-09-20T11:14:18;2026-09-20T00:01:28
18;2026-09-20T00:55:24;2026-09-20T15:18:54
19;2026-09-20T13:48:21;2026-09-20T06:25:16
20;2026-09-20T21:37:07;2026-09-19T23:28:38
21;2026-09-20T16:52:12;2026-09-20T10:21:08
22;2026-09-20T15:13:05;2026-09-20T15:47:50
23;2026-09-20T10:34:29;2026-09-20T10:15:31
24;2026-09-20T18:47:39;2026-09-20T17:29:04
25;2026-09-20T06:13:29;2026-09-20T07:12:27
26;2026-09-19T23:59:49;2026-09-20T12:37:41
27;2026-09-20T02:59:20;2026-09-20T13:30:13
28;2026-09-20T13:20:18;2026-09-20T17:34:30
29;2026-09-20T09:16:53;2026-09-20T21:24:08
30;2026-09-20T13:38:16;2026-09-20T15:35:52
