id;sessions_played;performance;evidence_count;last_played_at
1;17861;0.33;28800;2026-09-20T16:55:05
2;17748;0.79;27926;2026-09-20T01:47:10
3;31434;0.89;2836;2026-09-19T22:45:47
4;15001;0.68;6374;2026-09-20T12:12:51
5;1020;0.93;18218;2026-09-20T11:54:21
6;18792;0.94;31903;2026-09-19T23:27:45
7;743;0.2;11911;2026-09-20T01:42:38
8;3851;0.61;533;2026-09-20T11:17:31
9;1005;0.62;31858;2026-09-20T06:34:42
10;15174;0.14;6803;2026-09-20T09:19:10
11;22836;0.21;25300;2026-09-20T15:45:02
12;17025;0.53;14710;2026-09-19T21:21:57
13;22954;0.65;23814;2026-09-20T04:06:39
14;6815;0.68;19649;2026-09-20T16:36:48
15;15971;0.85;31350;2026-09-19T19:13:55
16;30382;0.82;23273;2026-09-20T06:02:37
17;17140;0.78;17741;2026-09-19T20:51:50
18;31313;0.07;27332;2026-09-20T17:25:43
19;24799;0.14;20512;2026-09-19T19:25:17
20;6905;0.28;6668;2026-09-19T21:48:24
21;10720;0.89;3632;2026-09-20T07:21:51
22;5851;0.93;22711;2026-09-19T20:25:33
23;18921;0.53;18256;2026-09-19T18:42:46
24;31514;0.19;11552;2026-09-20T09:12:00
25;3043;0.36;2920;2026-09-19T19:57:15
26;25084;0.39;21473;2026-09-19T18:46:22
27;22170;0.28;31138;2026-09-20T12:25:01
28;31992;0.82;15296;2026-09-20T16:17:59
29;13534;0.74;4112;2026-09-20T07:58:33
30;25525;0.43;17112;2026-09-19T20:24:11
