id;question
1;failing
2;flimsy monumental oof
3;whenever hence personalise
4;amongst
5;median see
6;wetly scaffold
7;highly joyously ew
8;alongside pertain or
9;march giant save
10;inside
11;reconstitute repeatedly
12;correctly before
13;dial beyond
14;convalesce as intently
15;besides ribbon
16;save behind well
17;adult finished
18;cinema before of
19;aw across save
20;presume commonly
21;from
22;sympathetically imagineer ghost
23;hippodrome wash whispered
24;deep zowie
25;and valuable
26;wallop
27;ouch oh
28;psst sunbathe
29;woot so
30;warmly celsius
