id;answered_at;correct;game_session_id
1;2026-09-20T05:27:36;false;1
2;2026-09-20T05:57:28;true;2
3;2026-09-20T05:36:58;true;3
4;2026-09-20T17:27:02;true;4
5;2026-09-19T23:37:14;true;5
6;2026-09-20T10:24:33;true;6
7;2026-09-20T17:40:36;true;7
8;2026-09-20T08:50:24;true;8
9;2026-09-20T12:12:44;false;9
10;2026-09-20T10:10:22;false;10
11;2026-09-20T19:08:10;false;11
12;2026-09-20T15:42:11;true;12
13;2026-09-19T22:29:03;true;13
14;2026-09-20T16:45:48;true;14
15;2026-09-20T19:30:18;true;15
16;2026-09-20T04:37:19;false;16
17;2026-09-20T16:33:58;true;17
18;2026-09-20T21:40:47;true;18
19;2026-09-20T05:48:39;true;19
20;2026-09-20T16:49:53;true;20
21;2026-09-20T17:23:13;true;21
22;2026-09-20T04:08:03;true;22
23;2026-09-20T19:12:14;true;23
24;2026-09-20T11:27:47;false;24
25;2026-09-20T14:20:02;false;25
26;2026-09-20T01:49:44;true;26
27;2026-09-20T01:56:18;false;27
28;2026-09-20T15:44:11;false;28
29;2026-09-20T14:36:57;false;29
30;2026-09-20T12:57:22;true;30
