id;name
1;too squiggly mill
2;which once feather
3;ugh fooey
4;instructor scent provided
5;character till
6;insist that
7;lovingly enormously obsess
8;onto
9;gosh hype ostrich
10;subexpression truly wholly
11;inasmuch analyse
12;meatloaf aside
13;shout safely
14;translation versus
15;roadway though
16;sauerkraut
17;cleaner
18;save restructure
19;junior damaged ouch
20;upon
21;before
22;apropos
23;promptly
24;sniveling pish dependency
25;farmer
26;muscat or ouch
27;above
28;charming so
29;positively adviser that
30;gripper recount impassioned
