id;username;email
1;whose;Rebecca.Mills84@yahoo.com
2;questioningly;Nicole.Funk@hotmail.com
3;along story;Guy_Thiel71@hotmail.com
4;fixed rationale whoever;Luke.Wyman@hotmail.com
5;exhausted sleepily whoever;Christina.Upton-Littel21@hotmail.com
6;boo;Timmy_Bayer42@hotmail.com
7;disloyal unlined;Dwayne.Johnson@hotmail.com
8;though physically outbid;Lolita.Mayer@hotmail.com
9;supposing salty tomatillo;Reece.Watsica@yahoo.com
10;awareness sans rebound;Joannie18@gmail.com
11;multicolored oof;Macie43@gmail.com
12;a glittering;Samara.Goyette-Hahn@hotmail.com
13;pear faint alongside;Sven.Schaefer@hotmail.com
14;misguided other;Vallie.Champlin58@gmail.com
15;esteemed because;Alycia37@hotmail.com
16;drain;Nelda.Mayer-Kessler@hotmail.com
17;snarling;Enrique_Turcotte19@hotmail.com
18;relieve aggravating;Deion.Homenick12@hotmail.com
19;pro puritan boohoo;Leonardo.Ebert@hotmail.com
20;ingratiate gee devil;Rachel_Davis@gmail.com
21;among;Jules56@gmail.com
22;butter plus;Rosa.Abshire@hotmail.com
23;superb and ugh;Leone_Baumbach@yahoo.com
24;ew boldly via;Aniya.Cruickshank@hotmail.com
25;marten fooey;Nathaniel_Rutherford20@gmail.com
26;recede upon;Ramon18@yahoo.com
27;gray excluding phew;Darrin_Hagenes@yahoo.com
28;up;Milan46@gmail.com
29;in scrabble but;Cleora.Sanford63@hotmail.com
30;oof better vastly;Roberta_Bauch@gmail.com
